id,pincode,created_at,updated_at
1,18000,2023-07-30,2023-07-30
2,18001,2023-07-30,2023-07-30
3,18002,2023-07-30,2023-07-30
4,18003,2023-07-30,2023-07-30
5,18005,2023-07-30,2023-07-30
6,18006,2023-07-30,2023-07-30
7,18007,2023-07-30,2023-07-30
8,18008,2023-07-30,2023-07-30
9,18009,2023-07-30,2023-07-30
10,18014,2023-07-30,2023-07-30
11,18015,2023-07-30,2023-07-30
12,18018,2023-07-30,2023-07-30
13,18020,2023-07-30,2023-07-30
14,18021,2023-07-30,2023-07-30
15,18023,2023-07-30,2023-07-30
16,18024,2023-07-30,2023-07-30
17,18028,2023-07-30,2023-07-30
18,18029,2023-07-30,2023-07-30
19,18030,2023-07-30,2023-07-30
20,18031,2023-07-30,2023-07-30
21,18032,2023-07-30,2023-07-30
22,18034,2023-07-30,2023-07-30
23,18035,2023-07-30,2023-07-30
24,18036,2023-07-30,2023-07-30
25,19001,2023-07-30,2023-07-30
26,19003,2023-07-30,2023-07-30
27,19010,2023-07-30,2023-07-30
28,19011,2023-07-30,2023-07-30
29,19012,2023-07-30,2023-07-30
30,19013,2023-07-30,2023-07-30
31,19014,2023-07-30,2023-07-30
32,19015,2023-07-30,2023-07-30
33,19016,2023-07-30,2023-07-30
34,19017,2023-07-30,2023-07-30
35,19018,2023-07-30,2023-07-30
36,19019,2023-07-30,2023-07-30
37,19020,2023-07-30,2023-07-30
38,19021,2023-07-30,2023-07-30
39,19022,2023-07-30,2023-07-30
40,19023,2023-07-30,2023-07-30
41,19024,2023-07-30,2023-07-30
42,19025,2023-07-30,2023-07-30
43,19026,2023-07-30,2023-07-30
44,19027,2023-07-30,2023-07-30
45,19028,2023-07-30,2023-07-30
46,19029,2023-07-30,2023-07-30
47,19030,2023-07-30,2023-07-30
48,19031,2023-07-30,2023-07-30
49,19032,2023-07-30,2023-07-30
50,19033,2023-07-30,2023-07-30
51,19034,2023-07-30,2023-07-30
52,19035,2023-07-30,2023-07-30
53,19036,2023-07-30,2023-07-30
54,19037,2023-07-30,2023-07-30
55,19038,2023-07-30,2023-07-30
56,19039,2023-07-30,2023-07-30
57,19040,2023-07-30,2023-07-30
58,19041,2023-07-30,2023-07-30
59,19042,2023-07-30,2023-07-30
60,19043,2023-07-30,2023-07-30
61,19044,2023-07-30,2023-07-30
62,19045,2023-07-30,2023-07-30
63,19046,2023-07-30,2023-07-30
64,19047,2023-07-30,2023-07-30
65,19048,2023-07-30,2023-07-30
66,19049,2023-07-30,2023-07-30
67,19050,2023-07-30,2023-07-30
68,19051,2023-07-30,2023-07-30
69,19052,2023-07-30,2023-07-30
70,19053,2023-07-30,2023-07-30
71,19054,2023-07-30,2023-07-30
72,19055,2023-07-30,2023-07-30
73,19056,2023-07-30,2023-07-30
74,19057,2023-07-30,2023-07-30
75,19058,2023-07-30,2023-07-30
76,19059,2023-07-30,2023-07-30
77,19060,2023-07-30,2023-07-30
78,19061,2023-07-30,2023-07-30
79,19062,2023-07-30,2023-07-30
80,19063,2023-07-30,2023-07-30
81,19064,2023-07-30,2023-07-30
82,19065,2023-07-30,2023-07-30
83,19066,2023-07-30,2023-07-30
84,19067,2023-07-30,2023-07-30
85,19068,2023-07-30,2023-07-30
86,19069,2023-07-30,2023-07-30
87,19101,2023-07-30,2023-07-30
88,19110,2023-07-30,2023-07-30
89,19111,2023-07-30,2023-07-30
90,19112,2023-07-30,2023-07-30
91,19113,2023-07-30,2023-07-30
92,19114,2023-07-30,2023-07-30
93,19117,2023-07-30,2023-07-30
94,19118,2023-07-30,2023-07-30
95,19119,2023-07-30,2023-07-30
96,19120,2023-07-30,2023-07-30
97,19121,2023-07-30,2023-07-30
98,19122,2023-07-30,2023-07-30
99,19123,2023-07-30,2023-07-30
100,19124,2023-07-30,2023-07-30
101,19125,2023-07-30,2023-07-30
102,19126,2023-07-30,2023-07-30
103,19127,2023-07-30,2023-07-30
104,19130,2023-07-30,2023-07-30
105,19131,2023-07-30,2023-07-30
106,19132,2023-07-30,2023-07-30
107,19133,2023-07-30,2023-07-30
108,19134,2023-07-30,2023-07-30
109,19135,2023-07-30,2023-07-30
110,19136,2023-07-30,2023-07-30
111,19137,2023-07-30,2023-07-30
112,19138,2023-07-30,2023-07-30
113,19139,2023-07-30,2023-07-30
114,19140,2023-07-30,2023-07-30
115,19141,2023-07-30,2023-07-30
116,19142,2023-07-30,2023-07-30
117,19143,2023-07-30,2023-07-30
118,19150,2023-07-30,2023-07-30
119,19151,2023-07-30,2023-07-30
120,19152,2023-07-30,2023-07-30
121,19153,2023-07-30,2023-07-30
122,19154,2023-07-30,2023-07-30
123,19155,2023-07-30,2023-07-30
124,19156,2023-07-30,2023-07-30
125,19161,2023-07-30,2023-07-30
126,19162,2023-07-30,2023-07-30
127,19163,2023-07-30,2023-07-30
128,19201,2023-07-30,2023-07-30
129,19202,2023-07-30,2023-07-30
130,19209,2023-07-30,2023-07-30
131,19210,2023-07-30,2023-07-30
132,19211,2023-07-30,2023-07-30
133,19212,2023-07-30,2023-07-30
134,19213,2023-07-30,2023-07-30
135,19214,2023-07-30,2023-07-30
136,19215,2023-07-30,2023-07-30
137,19220,2023-07-30,2023-07-30
138,19221,2023-07-30,2023-07-30
139,19222,2023-07-30,2023-07-30
140,19223,2023-07-30,2023-07-30
141,19224,2023-07-30,2023-07-30
142,19225,2023-07-30,2023-07-30
143,19226,2023-07-30,2023-07-30
144,19229,2023-07-30,2023-07-30
145,19230,2023-07-30,2023-07-30
146,19231,2023-07-30,2023-07-30
147,19232,2023-07-30,2023-07-30
148,19233,2023-07-30,2023-07-30
149,19234,2023-07-30,2023-07-30
150,19235,2023-07-30,2023-07-30
151,19236,2023-07-30,2023-07-30
152,19237,2023-07-30,2023-07-30
153,19240,2023-07-30,2023-07-30
154,19241,2023-07-30,2023-07-30
155,19242,2023-07-30,2023-07-30
156,19243,2023-07-30,2023-07-30
157,19244,2023-07-30,2023-07-30
158,19245,2023-07-30,2023-07-30
159,19250,2023-07-30,2023-07-30
160,19251,2023-07-30,2023-07-30
161,19252,2023-07-30,2023-07-30
162,19253,2023-07-30,2023-07-30
163,19254,2023-07-30,2023-07-30
164,19255,2023-07-30,2023-07-30
165,19256,2023-07-30,2023-07-30
166,19297,2023-07-30,2023-07-30
167,19301,2023-07-30,2023-07-30
168,19310,2023-07-30,2023-07-30
169,19311,2023-07-30,2023-07-30
170,19312,2023-07-30,2023-07-30
171,19313,2023-07-30,2023-07-30
172,19314,2023-07-30,2023-07-30
173,19315,2023-07-30,2023-07-30
174,19316,2023-07-30,2023-07-30
175,19317,2023-07-30,2023-07-30
176,19318,2023-07-30,2023-07-30
177,19319,2023-07-30,2023-07-30
178,19320,2023-07-30,2023-07-30
179,19321,2023-07-30,2023-07-30
180,19322,2023-07-30,2023-07-30
181,19323,2023-07-30,2023-07-30
182,19324,2023-07-30,2023-07-30
183,19325,2023-07-30,2023-07-30
184,19326,2023-07-30,2023-07-30
185,19327,2023-07-30,2023-07-30
186,19328,2023-07-30,2023-07-30
187,19329,2023-07-30,2023-07-30
188,19330,2023-07-30,2023-07-30
189,19331,2023-07-30,2023-07-30
190,19332,2023-07-30,2023-07-30
191,19333,2023-07-30,2023-07-30
192,19334,2023-07-30,2023-07-30
193,19335,2023-07-30,2023-07-30
194,19336,2023-07-30,2023-07-30
195,19337,2023-07-30,2023-07-30
196,19339,2023-07-30,2023-07-30
197,19340,2023-07-30,2023-07-30
198,19341,2023-07-30,2023-07-30
199,19342,2023-07-30,2023-07-30
200,19343,2023-07-30,2023-07-30
201,19344,2023-07-30,2023-07-30
202,19345,2023-07-30,2023-07-30
203,19346,2023-07-30,2023-07-30
204,19347,2023-07-30,2023-07-30
205,19348,2023-07-30,2023-07-30
206,19402,2023-07-30,2023-07-30
207,19408,2023-07-30,2023-07-30
208,19409,2023-07-30,2023-07-30
209,19410,2023-07-30,2023-07-30
210,19411,2023-07-30,2023-07-30
211,19412,2023-07-30,2023-07-30
212,19413,2023-07-30,2023-07-30
213,19414,2023-07-30,2023-07-30
214,19415,2023-07-30,2023-07-30
215,19416,2023-07-30,2023-07-30
216,19417,2023-07-30,2023-07-30
217,19418,2023-07-30,2023-07-30
218,19419,2023-07-30,2023-07-30
219,19420,2023-07-30,2023-07-30
220,19421,2023-07-30,2023-07-30
221,19422,2023-07-30,2023-07-30
222,19424,2023-07-30,2023-07-30
223,19425,2023-07-30,2023-07-30
224,19426,2023-07-30,2023-07-30
225,19427,2023-07-30,2023-07-30
226,19428,2023-07-30,2023-07-30
227,19430,2023-07-30,2023-07-30
228,19431,2023-07-30,2023-07-30
229,19432,2023-07-30,2023-07-30
230,19433,2023-07-30,2023-07-30
231,19434,2023-07-30,2023-07-30
232,19435,2023-07-30,2023-07-30
233,19437,2023-07-30,2023-07-30
234,19438,2023-07-30,2023-07-30
235,19439,2023-07-30,2023-07-30
236,19440,2023-07-30,2023-07-30
237,19441,2023-07-30,2023-07-30
238,19442,2023-07-30,2023-07-30
239,19443,2023-07-30,2023-07-30
240,19446,2023-07-30,2023-07-30
241,19447,2023-07-30,2023-07-30
242,19448,2023-07-30,2023-07-30
243,19449,2023-07-30,2023-07-30
244,19450,2023-07-30,2023-07-30
245,19451,2023-07-30,2023-07-30
246,19452,2023-07-30,2023-07-30
247,19453,2023-07-30,2023-07-30
248,19454,2023-07-30,2023-07-30
249,19455,2023-07-30,2023-07-30
250,19456,2023-07-30,2023-07-30
251,19457,2023-07-30,2023-07-30
252,19458,2023-07-30,2023-07-30
253,19459,2023-07-30,2023-07-30
254,19460,2023-07-30,2023-07-30
255,19461,2023-07-30,2023-07-30
256,19462,2023-07-30,2023-07-30
257,19463,2023-07-30,2023-07-30
258,19464,2023-07-30,2023-07-30
259,19465,2023-07-30,2023-07-30
260,19501,2023-07-30,2023-07-30
261,19502,2023-07-30,2023-07-30
262,19508,2023-07-30,2023-07-30
263,19509,2023-07-30,2023-07-30
264,19510,2023-07-30,2023-07-30
265,19511,2023-07-30,2023-07-30
266,19512,2023-07-30,2023-07-30
267,19513,2023-07-30,2023-07-30
268,19514,2023-07-30,2023-07-30
269,19515,2023-07-30,2023-07-30
270,19516,2023-07-30,2023-07-30
271,19517,2023-07-30,2023-07-30
272,19518,2023-07-30,2023-07-30
273,19519,2023-07-30,2023-07-30
274,19520,2023-07-30,2023-07-30
275,19521,2023-07-30,2023-07-30
276,19522,2023-07-30,2023-07-30
277,19523,2023-07-30,2023-07-30
278,19525,2023-07-30,2023-07-30
279,19526,2023-07-30,2023-07-30
280,19527,2023-07-30,2023-07-30
281,19529,2023-07-30,2023-07-30
282,19530,2023-07-30,2023-07-30
283,19531,2023-07-30,2023-07-30
284,19532,2023-07-30,2023-07-30
285,19533,2023-07-30,2023-07-30
286,19534,2023-07-30,2023-07-30
287,19536,2023-07-30,2023-07-30
288,19537,2023-07-30,2023-07-30
289,19538,2023-07-30,2023-07-30
290,19539,2023-07-30,2023-07-30
291,19540,2023-07-30,2023-07-30
292,19542,2023-07-30,2023-07-30
293,19543,2023-07-30,2023-07-30
294,19601,2023-07-30,2023-07-30
295,19602,2023-07-30,2023-07-30
296,19603,2023-07-30,2023-07-30
297,19604,2023-07-30,2023-07-30
298,19605,2023-07-30,2023-07-30
299,19607,2023-07-30,2023-07-30
300,19608,2023-07-30,2023-07-30
301,19610,2023-07-30,2023-07-30
302,19611,2023-07-30,2023-07-30
303,19612,2023-07-30,2023-07-30
304,19613,2023-07-30,2023-07-30
305,19614,2023-07-30,2023-07-30
306,19615,2023-07-30,2023-07-30
307,19616,2023-07-30,2023-07-30
308,19617,2023-07-30,2023-07-30
309,19618,2023-07-30,2023-07-30
310,19619,2023-07-30,2023-07-30
311,19620,2023-07-30,2023-07-30
312,19621,2023-07-30,2023-07-30
313,19622,2023-07-30,2023-07-30
314,19624,2023-07-30,2023-07-30
315,19625,2023-07-30,2023-07-30
316,19626,2023-07-30,2023-07-30
317,19627,2023-07-30,2023-07-30
318,19630,2023-07-30,2023-07-30
319,19631,2023-07-30,2023-07-30
320,19632,2023-07-30,2023-07-30
321,19633,2023-07-30,2023-07-30
322,19634,2023-07-30,2023-07-30
323,19635,2023-07-30,2023-07-30
324,19636,2023-07-30,2023-07-30
325,19640,2023-07-30,2023-07-30
326,19641,2023-07-30,2023-07-30
327,19642,2023-07-30,2023-07-30
328,19643,2023-07-30,2023-07-30
329,19644,2023-07-30,2023-07-30
330,19645,2023-07-30,2023-07-30
331,19646,2023-07-30,2023-07-30
332,19648,2023-07-30,2023-07-30
333,19661,2023-07-30,2023-07-30
334,19701,2023-07-30,2023-07-30
335,19702,2023-07-30,2023-07-30
336,19709,2023-07-30,2023-07-30
337,19710,2023-07-30,2023-07-30
338,19711,2023-07-30,2023-07-30
339,19712,2023-07-30,2023-07-30
340,19713,2023-07-30,2023-07-30
341,19714,2023-07-30,2023-07-30
342,19715,2023-07-30,2023-07-30
343,19716,2023-07-30,2023-07-30
344,19717,2023-07-30,2023-07-30
345,19718,2023-07-30,2023-07-30
346,19719,2023-07-30,2023-07-30
347,19720,2023-07-30,2023-07-30
348,19721,2023-07-30,2023-07-30
349,19722,2023-07-30,2023-07-30
350,19723,2023-07-30,2023-07-30
351,19724,2023-07-30,2023-07-30
352,19725,2023-07-30,2023-07-30
353,19727,2023-07-30,2023-07-30
354,19728,2023-07-30,2023-07-30
355,19729,2023-07-30,2023-07-30
356,19730,2023-07-30,2023-07-30
357,19731,2023-07-30,2023-07-30
358,19732,2023-07-30,2023-07-30
359,19733,2023-07-30,2023-07-30
360,19734,2023-07-30,2023-07-30
361,19735,2023-07-30,2023-07-30
362,19736,2023-07-30,2023-07-30
363,19737,2023-07-30,2023-07-30
364,19738,2023-07-30,2023-07-30
365,19739,2023-07-30,2023-07-30
366,19740,2023-07-30,2023-07-30
367,19741,2023-07-30,2023-07-30
368,19744,2023-07-30,2023-07-30
369,19745,2023-07-30,2023-07-30
370,19746,2023-07-30,2023-07-30
371,19747,2023-07-30,2023-07-30
372,19748,2023-07-30,2023-07-30
373,19749,2023-07-30,2023-07-30
374,19750,2023-07-30,2023-07-30
375,19751,2023-07-30,2023-07-30
376,19752,2023-07-30,2023-07-30
377,19753,2023-07-30,2023-07-30
378,19754,2023-07-30,2023-07-30
379,19755,2023-07-30,2023-07-30
380,19756,2023-07-30,2023-07-30
381,19757,2023-07-30,2023-07-30
382,19758,2023-07-30,2023-07-30
383,19759,2023-07-30,2023-07-30
384,19760,2023-07-30,2023-07-30
385,19761,2023-07-30,2023-07-30
386,19762,2023-07-30,2023-07-30
387,19763,2023-07-30,2023-07-30
388,19764,2023-07-30,2023-07-30
389,19765,2023-07-30,2023-07-30
390,19770,2023-07-30,2023-07-30
391,19771,2023-07-30,2023-07-30
392,19772,2023-07-30,2023-07-30
393,19773,2023-07-30,2023-07-30
394,19774,2023-07-30,2023-07-30
395,19775,2023-07-30,2023-07-30
396,19776,2023-07-30,2023-07-30
397,19777,2023-07-30,2023-07-30
398,19781,2023-07-30,2023-07-30
399,19782,2023-07-30,2023-07-30
400,19801,2023-07-30,2023-07-30
401,19806,2023-07-30,2023-07-30
402,19807,2023-07-30,2023-07-30
403,19808,2023-07-30,2023-07-30
404,19809,2023-07-30,2023-07-30
405,19810,2023-07-30,2023-07-30
406,19811,2023-07-30,2023-07-30
407,19812,2023-07-30,2023-07-30
408,19813,2023-07-30,2023-07-30
409,19814,2023-07-30,2023-07-30
410,19815,2023-07-30,2023-07-30
411,19816,2023-07-30,2023-07-30
412,19817,2023-07-30,2023-07-30
413,19818,2023-07-30,2023-07-30
414,19819,2023-07-30,2023-07-30
415,19820,2023-07-30,2023-07-30
416,19821,2023-07-30,2023-07-30
417,19822,2023-07-30,2023-07-30
418,19823,2023-07-30,2023-07-30
419,19824,2023-07-30,2023-07-30
420,19825,2023-07-30,2023-07-30
421,19826,2023-07-30,2023-07-30
422,19827,2023-07-30,2023-07-30
423,19828,2023-07-30,2023-07-30
424,19830,2023-07-30,2023-07-30
425,19831,2023-07-30,2023-07-30
426,19832,2023-07-30,2023-07-30
427,19833,2023-07-30,2023-07-30
428,19834,2023-07-30,2023-07-30
429,19835,2023-07-30,2023-07-30
430,19836,2023-07-30,2023-07-30
431,19837,2023-07-30,2023-07-30
432,19838,2023-07-30,2023-07-30
433,19840,2023-07-30,2023-07-30
434,19841,2023-07-30,2023-07-30
435,19842,2023-07-30,2023-07-30
436,19844,2023-07-30,2023-07-30
437,19845,2023-07-30,2023-07-30
438,19846,2023-07-30,2023-07-30
439,19847,2023-07-30,2023-07-30
440,19848,2023-07-30,2023-07-30
441,19849,2023-07-30,2023-07-30
442,19850,2023-07-30,2023-07-30
443,19851,2023-07-30,2023-07-30
444,19852,2023-07-30,2023-07-30
445,19853,2023-07-30,2023-07-30
446,19854,2023-07-30,2023-07-30
447,19855,2023-07-30,2023-07-30
448,19856,2023-07-30,2023-07-30
449,19857,2023-07-30,2023-07-30
450,19858,2023-07-30,2023-07-30
451,19901,2023-07-30,2023-07-30
452,19905,2023-07-30,2023-07-30
453,19906,2023-07-30,2023-07-30
454,19909,2023-07-30,2023-07-30
455,19910,2023-07-30,2023-07-30
456,19911,2023-07-30,2023-07-30
457,19912,2023-07-30,2023-07-30
458,19913,2023-07-30,2023-07-30
459,19914,2023-07-30,2023-07-30
460,19915,2023-07-30,2023-07-30
461,19919,2023-07-30,2023-07-30
462,19920,2023-07-30,2023-07-30
463,19921,2023-07-30,2023-07-30
464,19922,2023-07-30,2023-07-30
465,19923,2023-07-30,2023-07-30
466,19924,2023-07-30,2023-07-30
467,19925,2023-07-30,2023-07-30
468,19926,2023-07-30,2023-07-30
469,19927,2023-07-30,2023-07-30
470,19928,2023-07-30,2023-07-30
471,19929,2023-07-30,2023-07-30
472,19930,2023-07-30,2023-07-30
473,19931,2023-07-30,2023-07-30
474,19932,2023-07-30,2023-07-30
475,19933,2023-07-30,2023-07-30
476,19934,2023-07-30,2023-07-30
477,19935,2023-07-30,2023-07-30
478,19936,2023-07-30,2023-07-30
479,19937,2023-07-30,2023-07-30
480,19940,2023-07-30,2023-07-30
481,19941,2023-07-30,2023-07-30
482,19942,2023-07-30,2023-07-30
483,19943,2023-07-30,2023-07-30
484,19944,2023-07-30,2023-07-30
485,19949,2023-07-30,2023-07-30
486,19950,2023-07-30,2023-07-30
487,19951,2023-07-30,2023-07-30
488,19952,2023-07-30,2023-07-30
489,19953,2023-07-30,2023-07-30
490,19954,2023-07-30,2023-07-30
491,19955,2023-07-30,2023-07-30
492,19956,2023-07-30,2023-07-30
493,19958,2023-07-30,2023-07-30
494,19959,2023-07-30,2023-07-30
495,19960,2023-07-30,2023-07-30
496,19961,2023-07-30,2023-07-30
497,19962,2023-07-30,2023-07-30
498,19963,2023-07-30,2023-07-30
499,19964,2023-07-30,2023-07-30
500,19970,2023-07-30,2023-07-30
501,19971,2023-07-30,2023-07-30
502,19972,2023-07-30,2023-07-30
503,19973,2023-07-30,2023-07-30
504,20001,2023-07-30,2023-07-30
505,20009,2023-07-30,2023-07-30
506,20010,2023-07-30,2023-07-30
507,20011,2023-07-30,2023-07-30
508,20012,2023-07-30,2023-07-30
509,20013,2023-07-30,2023-07-30
510,20014,2023-07-30,2023-07-30
511,20015,2023-07-30,2023-07-30
512,20016,2023-07-30,2023-07-30
513,20017,2023-07-30,2023-07-30
514,20018,2023-07-30,2023-07-30
515,20020,2023-07-30,2023-07-30
516,20021,2023-07-30,2023-07-30
517,20022,2023-07-30,2023-07-30
518,20025,2023-07-30,2023-07-30
519,20026,2023-07-30,2023-07-30
520,20030,2023-07-30,2023-07-30
521,20031,2023-07-30,2023-07-30
522,20032,2023-07-30,2023-07-30
523,20033,2023-07-30,2023-07-30
524,20034,2023-07-30,2023-07-30
525,20035,2023-07-30,2023-07-30
526,20036,2023-07-30,2023-07-30
527,20038,2023-07-30,2023-07-30
528,20039,2023-07-30,2023-07-30
529,20040,2023-07-30,2023-07-30
530,20041,2023-07-30,2023-07-30
531,20042,2023-07-30,2023-07-30
532,20043,2023-07-30,2023-07-30
533,20044,2023-07-30,2023-07-30
534,20045,2023-07-30,2023-07-30
535,20050,2023-07-30,2023-07-30
536,20051,2023-07-30,2023-07-30
537,20052,2023-07-30,2023-07-30
538,20053,2023-07-30,2023-07-30
539,20101,2023-07-30,2023-07-30
540,20109,2023-07-30,2023-07-30
541,20110,2023-07-30,2023-07-30
542,20111,2023-07-30,2023-07-30
543,20112,2023-07-30,2023-07-30
544,20113,2023-07-30,2023-07-30
545,20114,2023-07-30,2023-07-30
546,20115,2023-07-30,2023-07-30
547,20116,2023-07-30,2023-07-30
548,20117,2023-07-30,2023-07-30
549,20118,2023-07-30,2023-07-30
550,20119,2023-07-30,2023-07-30
551,20120,2023-07-30,2023-07-30
552,20121,2023-07-30,2023-07-30
553,20122,2023-07-30,2023-07-30
554,20123,2023-07-30,2023-07-30
555,20124,2023-07-30,2023-07-30
556,20125,2023-07-30,2023-07-30
557,20126,2023-07-30,2023-07-30
558,20129,2023-07-30,2023-07-30
559,20130,2023-07-30,2023-07-30
560,20131,2023-07-30,2023-07-30
561,20132,2023-07-30,2023-07-30
562,20133,2023-07-30,2023-07-30
563,20140,2023-07-30,2023-07-30
564,20141,2023-07-30,2023-07-30
565,20142,2023-07-30,2023-07-30
566,20143,2023-07-30,2023-07-30
567,20144,2023-07-30,2023-07-30
568,20145,2023-07-30,2023-07-30
569,20146,2023-07-30,2023-07-30
570,20202,2023-07-30,2023-07-30
571,20208,2023-07-30,2023-07-30
572,20210,2023-07-30,2023-07-30
573,20211,2023-07-30,2023-07-30
574,20212,2023-07-30,2023-07-30
575,20213,2023-07-30,2023-07-30
576,20214,2023-07-30,2023-07-30
577,20215,2023-07-30,2023-07-30
578,20216,2023-07-30,2023-07-30
579,20217,2023-07-30,2023-07-30
580,20218,2023-07-30,2023-07-30
581,20219,2023-07-30,2023-07-30
582,20220,2023-07-30,2023-07-30
583,20221,2023-07-30,2023-07-30
584,20222,2023-07-30,2023-07-30
585,20223,2023-07-30,2023-07-30
586,20224,2023-07-30,2023-07-30
587,20225,2023-07-30,2023-07-30
588,20226,2023-07-30,2023-07-30
589,20227,2023-07-30,2023-07-30
590,20228,2023-07-30,2023-07-30
591,20229,2023-07-30,2023-07-30
592,20230,2023-07-30,2023-07-30
593,20231,2023-07-30,2023-07-30
594,20232,2023-07-30,2023-07-30
595,20233,2023-07-30,2023-07-30
596,20234,2023-07-30,2023-07-30
597,20235,2023-07-30,2023-07-30
598,20236,2023-07-30,2023-07-30
599,20237,2023-07-30,2023-07-30
600,20240,2023-07-30,2023-07-30
601,20241,2023-07-30,2023-07-30
602,20242,2023-07-30,2023-07-30
603,20243,2023-07-30,2023-07-30
604,20244,2023-07-30,2023-07-30
605,20245,2023-07-30,2023-07-30
606,20246,2023-07-30,2023-07-30
607,20247,2023-07-30,2023-07-30
608,20251,2023-07-30,2023-07-30
609,20253,2023-07-30,2023-07-30
610,20255,2023-07-30,2023-07-30
611,20260,2023-07-30,2023-07-30
612,20261,2023-07-30,2023-07-30
613,20263,2023-07-30,2023-07-30
614,20300,2023-07-30,2023-07-30
615,20301,2023-07-30,2023-07-30
616,20302,2023-07-30,2023-07-30
617,20304,2023-07-30,2023-07-30
618,20305,2023-07-30,2023-07-30
619,20306,2023-07-30,2023-07-30
620,20307,2023-07-30,2023-07-30
621,20308,2023-07-30,2023-07-30
622,20310,2023-07-30,2023-07-30
623,20320,2023-07-30,2023-07-30
624,20321,2023-07-30,2023-07-30
625,20322,2023-07-30,2023-07-30
626,20323,2023-07-30,2023-07-30
627,20324,2023-07-30,2023-07-30
628,20325,2023-07-30,2023-07-30
629,20327,2023-07-30,2023-07-30
630,20330,2023-07-30,2023-07-30
631,20331,2023-07-30,2023-07-30
632,20332,2023-07-30,2023-07-30
633,20333,2023-07-30,2023-07-30
634,20334,2023-07-30,2023-07-30
635,20335,2023-07-30,2023-07-30
636,20336,2023-07-30,2023-07-30
637,20340,2023-07-30,2023-07-30
638,20341,2023-07-30,2023-07-30
639,20342,2023-07-30,2023-07-30
640,20343,2023-07-30,2023-07-30
641,20344,2023-07-30,2023-07-30
642,20345,2023-07-30,2023-07-30
643,20346,2023-07-30,2023-07-30
644,20350,2023-07-30,2023-07-30
645,20351,2023-07-30,2023-07-30
646,20352,2023-07-30,2023-07-30
647,20353,2023-07-30,2023-07-30
648,20354,2023-07-30,2023-07-30
649,20355,2023-07-30,2023-07-30
650,20356,2023-07-30,2023-07-30
651,20357,2023-07-30,2023-07-30
652,20358,2023-07-30,2023-07-30
653,20360,2023-07-30,2023-07-30
654,20361,2023-07-30,2023-07-30
655,20362,2023-07-30,2023-07-30
656,20363,2023-07-30,2023-07-30
657,20364,2023-07-30,2023-07-30
658,20365,2023-07-30,2023-07-30
659,20366,2023-07-30,2023-07-30
660,20370,2023-07-30,2023-07-30
661,20371,2023-07-30,2023-07-30
662,20372,2023-07-30,2023-07-30
663,20373,2023-07-30,2023-07-30
664,20374,2023-07-30,2023-07-30
665,20375,2023-07-30,2023-07-30
666,20380,2023-07-30,2023-07-30
667,20381,2023-07-30,2023-07-30
668,20382,2023-07-30,2023-07-30
669,20383,2023-07-30,2023-07-30
670,20384,2023-07-30,2023-07-30
671,20385,2023-07-30,2023-07-30
672,20386,2023-07-30,2023-07-30
673,20387,2023-07-30,2023-07-30
674,20391,2023-07-30,2023-07-30
675,20392,2023-07-30,2023-07-30
676,20401,2023-07-30,2023-07-30
677,20409,2023-07-30,2023-07-30
678,20410,2023-07-30,2023-07-30
679,20411,2023-07-30,2023-07-30
680,20412,2023-07-30,2023-07-30
681,20413,2023-07-30,2023-07-30
682,20414,2023-07-30,2023-07-30
683,20415,2023-07-30,2023-07-30
684,20416,2023-07-30,2023-07-30
685,20417,2023-07-30,2023-07-30
686,20418,2023-07-30,2023-07-30
687,20419,2023-07-30,2023-07-30
688,20420,2023-07-30,2023-07-30
689,20421,2023-07-30,2023-07-30
690,20422,2023-07-30,2023-07-30
691,20423,2023-07-30,2023-07-30
692,20424,2023-07-30,2023-07-30
693,20425,2023-07-30,2023-07-30
694,20426,2023-07-30,2023-07-30
695,20427,2023-07-30,2023-07-30
696,20428,2023-07-30,2023-07-30
697,20429,2023-07-30,2023-07-30
698,20430,2023-07-30,2023-07-30
699,20431,2023-07-30,2023-07-30
700,20432,2023-07-30,2023-07-30
701,20433,2023-07-30,2023-07-30
702,20434,2023-07-30,2023-07-30
703,20435,2023-07-30,2023-07-30
704,20436,2023-07-30,2023-07-30
705,20437,2023-07-30,2023-07-30
706,20439,2023-07-30,2023-07-30
707,20440,2023-07-30,2023-07-30
708,20441,2023-07-30,2023-07-30
709,20442,2023-07-30,2023-07-30
710,20443,2023-07-30,2023-07-30
711,20444,2023-07-30,2023-07-30
712,20445,2023-07-30,2023-07-30
713,20450,2023-07-30,2023-07-30
714,20451,2023-07-30,2023-07-30
715,20452,2023-07-30,2023-07-30
716,20453,2023-07-30,2023-07-30
717,20454,2023-07-30,2023-07-30
718,20455,2023-07-30,2023-07-30
719,20501,2023-07-30,2023-07-30
720,20504,2023-07-30,2023-07-30
721,20505,2023-07-30,2023-07-30
722,20506,2023-07-30,2023-07-30
723,20507,2023-07-30,2023-07-30
724,20508,2023-07-30,2023-07-30
725,20509,2023-07-30,2023-07-30
726,20510,2023-07-30,2023-07-30
727,20511,2023-07-30,2023-07-30
728,20512,2023-07-30,2023-07-30
729,20513,2023-07-30,2023-07-30
730,20514,2023-07-30,2023-07-30
731,20515,2023-07-30,2023-07-30
732,20516,2023-07-30,2023-07-30
733,20519,2023-07-30,2023-07-30
734,20520,2023-07-30,2023-07-30
735,20521,2023-07-30,2023-07-30
736,20522,2023-07-30,2023-07-30
737,20523,2023-07-30,2023-07-30
738,20530,2023-07-30,2023-07-30
739,20531,2023-07-30,2023-07-30
740,20532,2023-07-30,2023-07-30
741,20533,2023-07-30,2023-07-30
742,20534,2023-07-30,2023-07-30
743,20535,2023-07-30,2023-07-30
744,20536,2023-07-30,2023-07-30
745,20539,2023-07-30,2023-07-30
746,20540,2023-07-30,2023-07-30
747,20543,2023-07-30,2023-07-30
748,20544,2023-07-30,2023-07-30
749,20545,2023-07-30,2023-07-30
750,20546,2023-07-30,2023-07-30
751,20547,2023-07-30,2023-07-30
752,20602,2023-07-30,2023-07-30
753,20603,2023-07-30,2023-07-30
754,20610,2023-07-30,2023-07-30
755,20611,2023-07-30,2023-07-30
756,20612,2023-07-30,2023-07-30
757,20613,2023-07-30,2023-07-30
758,20614,2023-07-30,2023-07-30
759,20615,2023-07-30,2023-07-30
760,20616,2023-07-30,2023-07-30
761,20620,2023-07-30,2023-07-30
762,20621,2023-07-30,2023-07-30
763,20622,2023-07-30,2023-07-30
764,20623,2023-07-30,2023-07-30
765,20624,2023-07-30,2023-07-30
766,20625,2023-07-30,2023-07-30
767,20626,2023-07-30,2023-07-30
768,20627,2023-07-30,2023-07-30
769,20631,2023-07-30,2023-07-30
770,20632,2023-07-30,2023-07-30
771,20633,2023-07-30,2023-07-30
772,20634,2023-07-30,2023-07-30
773,20635,2023-07-30,2023-07-30
774,20637,2023-07-30,2023-07-30
775,20640,2023-07-30,2023-07-30
776,20641,2023-07-30,2023-07-30
777,20642,2023-07-30,2023-07-30
778,20643,2023-07-30,2023-07-30
779,20644,2023-07-30,2023-07-30
780,20650,2023-07-30,2023-07-30
781,20651,2023-07-30,2023-07-30
782,20652,2023-07-30,2023-07-30
783,20653,2023-07-30,2023-07-30
784,20654,2023-07-30,2023-07-30
785,20655,2023-07-30,2023-07-30
786,20656,2023-07-30,2023-07-30
787,20657,2023-07-30,2023-07-30
788,20658,2023-07-30,2023-07-30
789,20659,2023-07-30,2023-07-30
790,20660,2023-07-30,2023-07-30
791,20661,2023-07-30,2023-07-30
792,20700,2023-07-30,2023-07-30
793,20701,2023-07-30,2023-07-30
794,20702,2023-07-30,2023-07-30
795,20703,2023-07-30,2023-07-30
796,20704,2023-07-30,2023-07-30
797,20705,2023-07-30,2023-07-30
798,20706,2023-07-30,2023-07-30
799,20707,2023-07-30,2023-07-30
800,20708,2023-07-30,2023-07-30
801,20709,2023-07-30,2023-07-30
802,20720,2023-07-30,2023-07-30
803,20721,2023-07-30,2023-07-30
804,20722,2023-07-30,2023-07-30
805,20723,2023-07-30,2023-07-30
806,20724,2023-07-30,2023-07-30
807,20725,2023-07-30,2023-07-30
808,20726,2023-07-30,2023-07-30
809,20727,2023-07-30,2023-07-30
810,20728,2023-07-30,2023-07-30
811,20729,2023-07-30,2023-07-30
812,20730,2023-07-30,2023-07-30
813,20731,2023-07-30,2023-07-30
814,20732,2023-07-30,2023-07-30
815,20733,2023-07-30,2023-07-30
816,20734,2023-07-30,2023-07-30
817,20735,2023-07-30,2023-07-30
818,20736,2023-07-30,2023-07-30
819,20737,2023-07-30,2023-07-30
820,20738,2023-07-30,2023-07-30
821,20739,2023-07-30,2023-07-30
822,20740,2023-07-30,2023-07-30
823,20741,2023-07-30,2023-07-30
824,20742,2023-07-30,2023-07-30
825,20743,2023-07-30,2023-07-30
826,20744,2023-07-30,2023-07-30
827,20745,2023-07-30,2023-07-30
828,20746,2023-07-30,2023-07-30
829,20747,2023-07-30,2023-07-30
830,20750,2023-07-30,2023-07-30
831,20751,2023-07-30,2023-07-30
832,20752,2023-07-30,2023-07-30
833,20753,2023-07-30,2023-07-30
834,20754,2023-07-30,2023-07-30
835,20755,2023-07-30,2023-07-30
836,20756,2023-07-30,2023-07-30
837,20757,2023-07-30,2023-07-30
838,20758,2023-07-30,2023-07-30
839,20761,2023-07-30,2023-07-30
840,20762,2023-07-30,2023-07-30
841,20801,2023-07-30,2023-07-30
842,20810,2023-07-30,2023-07-30
843,20811,2023-07-30,2023-07-30
844,20812,2023-07-30,2023-07-30
845,20813,2023-07-30,2023-07-30
846,20814,2023-07-30,2023-07-30
847,20815,2023-07-30,2023-07-30
848,20816,2023-07-30,2023-07-30
849,20819,2023-07-30,2023-07-30
850,20820,2023-07-30,2023-07-30
851,20821,2023-07-30,2023-07-30
852,20822,2023-07-30,2023-07-30
853,20823,2023-07-30,2023-07-30
854,20824,2023-07-30,2023-07-30
855,20825,2023-07-30,2023-07-30
856,20826,2023-07-30,2023-07-30
857,20827,2023-07-30,2023-07-30
858,20828,2023-07-30,2023-07-30
859,20830,2023-07-30,2023-07-30
860,20831,2023-07-30,2023-07-30
861,20832,2023-07-30,2023-07-30
862,20833,2023-07-30,2023-07-30
863,20834,2023-07-30,2023-07-30
864,20835,2023-07-30,2023-07-30
865,20840,2023-07-30,2023-07-30
866,20841,2023-07-30,2023-07-30
867,20842,2023-07-30,2023-07-30
868,20843,2023-07-30,2023-07-30
869,20844,2023-07-30,2023-07-30
870,20845,2023-07-30,2023-07-30
871,20901,2023-07-30,2023-07-30
872,20910,2023-07-30,2023-07-30
873,20911,2023-07-30,2023-07-30
874,20914,2023-07-30,2023-07-30
875,20915,2023-07-30,2023-07-30
876,20916,2023-07-30,2023-07-30
877,20920,2023-07-30,2023-07-30
878,20921,2023-07-30,2023-07-30
879,20922,2023-07-30,2023-07-30
880,20923,2023-07-30,2023-07-30
881,20924,2023-07-30,2023-07-30
882,20925,2023-07-30,2023-07-30
883,20926,2023-07-30,2023-07-30
884,20927,2023-07-30,2023-07-30
885,20928,2023-07-30,2023-07-30
886,20929,2023-07-30,2023-07-30
887,20930,2023-07-30,2023-07-30
888,20931,2023-07-30,2023-07-30
889,20932,2023-07-30,2023-07-30
890,20933,2023-07-30,2023-07-30
891,20934,2023-07-30,2023-07-30
892,20935,2023-07-30,2023-07-30
893,20936,2023-07-30,2023-07-30
894,20937,2023-07-30,2023-07-30
895,20938,2023-07-30,2023-07-30
896,20939,2023-07-30,2023-07-30
897,20940,2023-07-30,2023-07-30
898,20941,2023-07-30,2023-07-30
899,20942,2023-07-30,2023-07-30
900,20943,2023-07-30,2023-07-30
901,20944,2023-07-30,2023-07-30
902,20945,2023-07-30,2023-07-30
903,20946,2023-07-30,2023-07-30
904,20947,2023-07-30,2023-07-30
905,20948,2023-07-30,2023-07-30
906,20949,2023-07-30,2023-07-30
907,14000,2023-07-30,2023-07-30
908,14001,2023-07-30,2023-07-30
909,14003,2023-07-30,2023-07-30
910,14005,2023-07-30,2023-07-30
911,14006,2023-07-30,2023-07-30
912,14007,2023-07-30,2023-07-30
913,14008,2023-07-30,2023-07-30
914,14010,2023-07-30,2023-07-30
915,14013,2023-07-30,2023-07-30
916,14014,2023-07-30,2023-07-30
917,14017,2023-07-30,2023-07-30
918,14020,2023-07-30,2023-07-30
919,14021,2023-07-30,2023-07-30
920,14024,2023-07-30,2023-07-30
921,14024,2023-07-30,2023-07-30
922,14024,2023-07-30,2023-07-30
923,14024,2023-07-30,2023-07-30
924,14026,2023-07-30,2023-07-30
925,14027,2023-07-30,2023-07-30
926,14028,2023-07-30,2023-07-30
927,14029,2023-07-30,2023-07-30
928,14030,2023-07-30,2023-07-30
929,14032,2023-07-30,2023-07-30
930,14033,2023-07-30,2023-07-30
931,14034,2023-07-30,2023-07-30
932,14035,2023-07-30,2023-07-30
933,14037,2023-07-30,2023-07-30
934,15000,2023-07-30,2023-07-30
935,15001,2023-07-30,2023-07-30
936,15002,2023-07-30,2023-07-30
937,15003,2023-07-30,2023-07-30
938,15004,2023-07-30,2023-07-30
939,15005,2023-07-30,2023-07-30
940,15006,2023-07-30,2023-07-30
941,15007,2023-07-30,2023-07-30
942,15008,2023-07-30,2023-07-30
943,15009,2023-07-30,2023-07-30
944,15010,2023-07-30,2023-07-30
945,15011,2023-07-30,2023-07-30
946,15011,2023-07-30,2023-07-30
947,15011,2023-07-30,2023-07-30
948,15012,2023-07-30,2023-07-30
949,15013,2023-07-30,2023-07-30
950,15013,2023-07-30,2023-07-30
951,15014,2023-07-30,2023-07-30
952,15015,2023-07-30,2023-07-30
953,15016,2023-07-30,2023-07-30
954,15017,2023-07-30,2023-07-30
955,15018,2023-07-30,2023-07-30
956,15019,2023-07-30,2023-07-30
957,15020,2023-07-30,2023-07-30
958,15020,2023-07-30,2023-07-30
959,15021,2023-07-30,2023-07-30
960,15022,2023-07-30,2023-07-30
961,15023,2023-07-30,2023-07-30
962,15023,2023-07-30,2023-07-30
963,15024,2023-07-30,2023-07-30
964,15025,2023-07-30,2023-07-30
965,15026,2023-07-30,2023-07-30
966,15027,2023-07-30,2023-07-30
967,15028,2023-07-30,2023-07-30
968,15029,2023-07-30,2023-07-30
969,15030,2023-07-30,2023-07-30
970,15031,2023-07-30,2023-07-30
971,15032,2023-07-30,2023-07-30
972,15033,2023-07-30,2023-07-30
973,15034,2023-07-30,2023-07-30
974,15035,2023-07-30,2023-07-30
975,15036,2023-07-30,2023-07-30
976,15037,2023-07-30,2023-07-30
977,15038,2023-07-30,2023-07-30
978,15039,2023-07-30,2023-07-30
979,15040,2023-07-30,2023-07-30
980,15040,2023-07-30,2023-07-30
981,15041,2023-07-30,2023-07-30
982,15042,2023-07-30,2023-07-30
983,15043,2023-07-30,2023-07-30
984,15044,2023-07-30,2023-07-30
985,15044,2023-07-30,2023-07-30
986,15044,2023-07-30,2023-07-30
987,15045,2023-07-30,2023-07-30
988,15046,2023-07-30,2023-07-30
989,15046,2023-07-30,2023-07-30
990,15046,2023-07-30,2023-07-30
991,15047,2023-07-30,2023-07-30
992,15048,2023-07-30,2023-07-30
993,15049,2023-07-30,2023-07-30
994,15050,2023-07-30,2023-07-30
995,15051,2023-07-30,2023-07-30
996,15051,2023-07-30,2023-07-30
997,15052,2023-07-30,2023-07-30
998,15052,2023-07-30,2023-07-30
999,15053,2023-07-30,2023-07-30
1000,15053,2023-07-30,2023-07-30